Date,Price,Open,High,Low
2018-12-31,121.25,120.980.003,121.260.002,120.830.002
2018-12-28,121.059.998,120.800.003,121.080.002,120.720.001
2018-12-27,120.57,120.57,120.900.002,120.139.999
2018-12-26,119.660.004,120.620.003,121.0,119.57
2018-12-24,120.019.997,119.57,120.139.999,119.57
2018-12-21,118.720.001,119.190.002,119.25,118.57
2018-12-20,119.239.998,119.110.001,119.739.998,118.68
2018-12-19,117.43,118.239.998,118.959.999,117.400.002
2018-12-18,118.150.002,117.849.998,118.199.997,117.809.998
2018-12-17,117.870.003,117.370.003,118.029.999,117.349.998
2018-12-14,117.059.998,116.629.997,117.300.003,116.580.002
2018-12-13,117.529.999,117.540.001,117.620.003,117.260.002
2018-12-12,117.790.001,117.699.997,117.949.997,117.610.001
2018-12-11,117.540.001,117.669.998,117.889.999,117.349.998
2018-12-10,117.68,117.699.997,117.940.002,117.419.998
2018-12-07,118.089.996,117.620.003,118.230.003,117.540.001
2018-12-06,117.139.999,117.379.997,117.690.002,116.919.998
2018-12-04,117.120.003,117.370.003,117.389.999,116.93
2018-12-03,116.410.004,116.599.998,116.769.997,116.300.003
2018-11-30,115.540.001,115.419.998,115.660.004,115.040.001
2018-11-29,115.739.998,115.970.001,116.239.998,115.559.998
2018-11-28,115.379.997,114.760.002,116.07,114.589.996
2018-11-27,114.949.997,115.550.003,115.629.997,114.599.998
2018-11-26,115.639.999,115.839.996,115.870.003,115.529.999
2018-11-23,115.769.997,115.760.002,115.879.997,115.589.996
2018-11-21,115.860.001,115.940.002,116.349.998,115.860.001
2018-11-20,115.669.998,115.940.002,115.949.997,115.370.003
2018-11-19,115.669.998,115.449.997,115.919.998,115.370.003
2018-11-16,115.620.003,115.830.002,115.879.997,115.370.003
2018-11-15,114.769.997,114.830.002,114.989.998,114.559.998
2018-11-14,114.639.999,113.529.999,115.059.998,113.459.999
2018-11-13,113.699.997,113.720.001,113.93,113.419.998
2018-11-12,113.660.004,114.010.002,114.050.003,113.580.002
2018-11-09,114.480.003,114.599.998,114.75,114.139.999
2018-11-08,115.779.999,115.769.997,116.150.002,115.5
2018-11-07,116.029.999,116.260.002,116.349.998,115.900.002
2018-11-06,116.040.001,116.440.002,116.529.999,115.739.998
2018-11-05,116.370.003,116.279.999,116.669.998,116.230.003
2018-11-02,116.650.002,116.610.001,116.980.003,116.389.999
2018-11-01,116.629.997,116.330.002,117.07,116.18
2018-10-31,115.150.002,114.889.999,115.169.998,114.660.004
2018-10-30,115.800.003,115.849.998,116.040.001,115.639.999
2018-10-29,116.309.998,116.410.004,116.540.001,115.839.996
2018-10-26,116.769.997,116.830.002,117.650.002,116.459.999
2018-10-25,116.400.002,116.580.002,116.730.003,116.190.002
2018-10-24,116.660.004,116.379.997,116.720.001,116.110.001
2018-10-23,116.389.999,117.160.004,117.25,116.330.002
2018-10-22,115.709.999,115.57,115.779.999,115.43
2018-10-19,116.010.002,116.230.003,116.239.998,115.959.999
2018-10-18,115.919.998,115.830.002,116.410.004,115.629.997
2018-10-17,115.790.001,115.889.999,116.330.002,115.68
2018-10-16,115.800.003,116.489.998,116.599.998,115.800.003
2018-10-15,116.0,116.120.003,116.529.999,115.889.999
2018-10-12,115.230.003,115.580.002,115.709.999,115.080.002
2018-10-11,115.779.999,114.199.997,116.040.001,114.089.996
2018-10-10,112.879.997,112.470.001,112.959.999,112.25
2018-10-09,112.599.998,112.370.003,112.669.998,111.970.001
2018-10-08,112.540.001,112.25,112.589.996,111.900.002
2018-10-05,113.800.003,113.809.998,114.099.998,113.57
2018-10-04,113.480.003,113.830.002,114.190.002,113.260.002
2018-10-03,113.419.998,113.870.003,114.050.003,113.260.002
2018-10-01,112.57,112.400.002,112.620.003,112.150.002
2018-09-28,112.760.002,112.160.004,113.0,112.07
2018-09-27,112.050.003,112.099.998,112.419.998,111.849.998
2018-09-26,113.050.003,113.110.001,113.599.998,112.660.004
2018-09-25,113.650.002,113.75,113.889.999,113.57
2018-09-24,113.470.001,113.68,113.959.999,113.43
2018-09-21,113.489.998,112.870.003,113.68,112.790.001
2018-09-20,114.269.997,114.209.999,114.370.003,113.860.001
2018-09-19,113.879.997,113.940.002,114.150.002,113.68
2018-09-18,113.440.002,113.790.001,113.910.004,113.279.999
2018-09-17,113.610.001,113.599.998,114.029.999,113.550.003
2018-09-14,113.019.997,113.790.001,113.900.002,112.910.004
2018-09-13,113.760.002,114.720.001,114.779.999,113.580.002
2018-09-12,114.169.998,113.120.003,114.389.999,113.059.998
2018-09-11,113.220.001,112.650.002,113.370.003,112.419.998
2018-09-10,113.150.002,113.260.002,113.43,113.0
2018-09-07,113.230.003,113.260.002,113.599.998,112.970.001
2018-09-06,113.540.001,113.889.999,114.260.002,113.279.999
2018-09-05,113.32,113.360.001,113.440.002,113.120.003
2018-09-04,112.93,112.75,113.07,112.610.001
2018-08-31,113.510.002,113.720.001,114.059.998,113.440.002
2018-08-30,113.639.999,113.919.998,113.93,113.239.998
2018-08-29,114.199.997,114.160.004,114.209.999,113.849.998
2018-08-28,113.68,114.760.002,114.870.003,113.550.003
2018-08-27,114.589.996,114.120.003,114.779.999,114.120.003
2018-08-24,114.160.004,113.25,114.419.998,113.209.999
2018-08-23,112.199.997,112.68,112.879.997,112.059.998
2018-08-22,113.269.997,113.389.999,113.489.998,113.07
2018-08-21,113.019.997,112.769.997,113.099.998,112.440.002
2018-08-20,112.690.002,112.379.997,112.739.998,112.160.004
2018-08-17,112.129.997,111.690.002,112.150.002,111.379.997
2018-08-16,111.099.998,111.459.999,111.879.997,111.099.998
2018-08-14,113.07,113.25,113.480.003,112.839.996
2018-08-13,112.959.999,113.809.998,113.809.998,112.830.002
2018-08-10,114.690.002,114.809.998,115.230.003,114.610.001
2018-08-09,114.739.998,115.019.997,115.120.003,114.690.002
2018-08-08,114.910.004,114.75,114.949.997,114.410.004
2018-08-07,114.589.996,114.849.998,114.940.002,114.419.998
2018-08-06,114.330.002,114.559.998,114.720.001,114.309.998
2018-08-03,114.919.998,115.089.996,115.529.999,114.860.001
2018-08-02,114.519.997,115.169.998,115.230.003,114.419.998
2018-08-01,115.139.999,115.629.997,115.699.997,115.129.997
2018-07-31,115.989.998,115.470.001,116.349.998,115.389.999
2018-07-30,115.650.002,115.800.003,116.019.997,115.639.999
2018-07-27,115.830.002,115.919.998,116.239.998,115.769.997
2018-07-26,115.769.997,116.239.998,116.510.002,115.769.997
2018-07-25,116.68,116.790.001,116.839.996,116.269.997
2018-07-24,116.040.001,116.220.001,116.43,115.910.004
2018-07-23,116.0,116.25,116.309.998,115.760.002
2018-07-20,116.559.998,116.400.002,116.709.999,116.239.998
2018-07-19,115.809.998,115.129.997,116.470.001,115.120.003
2018-07-18,116.309.998,116.029.999,116.349.998,115.830.002
2018-07-17,116.279.999,116.720.001,116.93,116.120.003
2018-07-16,117.550.003,117.510.002,117.629.997,117.279.999
2018-07-13,117.610.001,117.620.003,117.75,117.449.997
2018-07-12,118.129.997,118.0,118.260.002,117.940.002
2018-07-11,117.639.999,118.449.997,118.529.999,117.620.003
2018-07-10,118.93,118.889.999,119.0,118.610.001
2018-07-09,119.150.002,119.650.002,119.730.003,119.139.999
2018-07-06,118.860.001,118.970.001,119.029.999,118.730.003
2018-07-05,119.050.003,118.919.998,119.330.002,118.769.997
2018-07-03,118.650.002,118.410.004,119.080.002,118.379.997
2018-07-02,117.459.999,118.18,118.209.999,117.400.002
2018-06-29,118.650.002,118.43,118.940.002,118.260.002
2018-06-28,118.220.001,118.589.996,118.669.998,118.010.002
2018-06-27,118.580.002,118.959.999,119.050.003,118.480.003
2018-06-26,119.260.002,119.279.999,119.589.996,119.089.996
2018-06-25,119.889.999,120.0,120.230.003,119.830.002
2018-06-22,120.339.996,120.209.999,120.400.002,120.099.998
2018-06-21,120.050.003,119.919.998,120.32,119.82
2018-06-20,120.260.002,120.790.001,120.809.998,120.160.004
2018-06-19,120.800.003,120.809.998,121.029.999,120.580.002
2018-06-18,121.110.001,121.349.998,121.440.002,120.989.998
2018-06-15,121.339.996,122.18,122.199.997,120.830.002
2018-06-14,123.379.997,123.629.997,123.860.001,123.32
2018-06-13,123.190.002,122.839.996,123.339.996,122.470.001
2018-06-12,122.82,122.949.997,123.18,122.639.999
2018-06-11,123.230.003,123.099.998,123.419.998,123.019.997
2018-06-08,123.010.002,123.080.002,123.120.003,122.910.004
2018-06-07,122.860.001,122.959.999,123.150.002,122.690.002
2018-06-06,122.919.998,123.080.002,123.349.998,122.629.997
2018-06-05,122.849.998,122.550.003,123.230.003,122.279.999
2018-06-04,122.370.003,122.849.998,122.93,122.370.003
2018-06-01,122.489.998,122.580.002,123.089.996,122.440.002
2018-05-31,123.099.998,123.260.002,123.779.999,123.099.998
2018-05-30,123.370.003,123.169.998,123.610.001,123.169.998
2018-05-29,123.190.002,122.839.996,123.639.999,122.660.004
2018-05-25,123.209.999,123.660.004,123.699.997,123.209.999
2018-05-24,123.589.996,123.099.998,123.82,123.080.002
2018-05-23,122.540.001,122.139.999,122.739.998,122.110.001
2018-05-22,122.410.004,122.699.997,122.739.998,122.339.996
2018-05-21,122.480.003,122.160.004,122.529.999,121.970.001
2018-05-18,122.410.004,122.050.003,122.650.002,122.010.002
2018-05-17,122.360.001,122.230.003,122.43,122.040.001
2018-05-16,122.290.001,122.379.997,122.610.001,122.029.999
2018-05-15,122.480.003,122.82,122.82,122.129.997
2018-05-14,124.489.998,125.160.004,125.209.999,124.440.002
2018-05-11,125.0,125.57,125.589.996,124.940.002
2018-05-10,125.18,125.220.001,125.370.003,124.75
2018-05-09,124.330.002,124.449.997,124.870.003,124.239.998
2018-05-08,124.589.996,124.139.999,124.949.997,123.790.001
2018-05-07,124.57,124.5,124.699.997,124.300.003
2018-05-04,124.540.001,124.099.998,124.650.002,124.0
2018-05-03,124.279.999,124.660.004,124.760.002,124.239.998
2018-05-02,123.650.002,123.900.002,124.540.001,123.580.002
2018-05-01,123.709.999,123.900.002,123.980.003,123.389.999
2018-04-30,124.589.996,124.410.004,125.199.997,124.190.002
2018-04-27,125.5,125.199.997,125.620.003,125.169.998
2018-04-26,124.970.001,125.540.001,125.57,124.690.002
2018-04-25,125.410.004,125.230.003,125.510.002,125.059.998
2018-04-24,126.230.003,125.779.999,126.339.996,125.669.998
2018-04-23,125.620.003,125.620.003,125.760.002,125.339.996
2018-04-20,126.629.997,126.690.002,126.970.001,126.550.003
2018-04-19,127.599.998,127.809.998,127.879.997,127.129.997
2018-04-18,127.849.998,128.320.007,12.853.999.299.999.900,127.75
2018-04-17,127.75,127.019.997,127.779.999,127.0
2018-04-16,127.629.997,127.739.998,128.050.003,127.57
2018-04-13,127.449.997,127.07,127.75,127.029.999
2018-04-12,126.620.003,127.25,127.339.996,126.470.001
2018-04-11,128.110.001,128.089.996,129.470.001,127.779.999
2018-04-10,127.120.003,127.019.997,127.309.998,126.669.998
2018-04-09,126.82,126.449.997,126.860.001,126.230.003
2018-04-06,126.389.999,126.57,126.599.998,126.129.997
2018-04-05,125.800.003,125.449.997,126.080.002,125.43
2018-04-04,126.449.997,127.5,127.529.999,126.32
2018-04-03,126.300.003,126.540.001,126.589.996,126.010.002
2018-04-02,127.260.002,126.650.002,127.540.001,126.379.997
2018-03-29,125.790.001,125.419.998,125.809.998,125.309.998
2018-03-28,125.730.003,126.480.003,126.610.001,125.510.002
2018-03-27,127.489.998,127.230.003,127.620.003,127.050.003
2018-03-26,128.279.999,128.050.003,128.580.002,128.009.995
2018-03-23,127.610.001,127.82,128.059.998,127.610.001
2018-03-22,125.980.003,126.089.996,126.339.996,125.639.999
2018-03-21,126.480.003,125.400.002,126.760.002,125.029.999
2018-03-20,124.309.998,124.410.004,124.550.003,123.959.999
2018-03-19,124.870.003,124.57,125.160.004,124.419.998
2018-03-16,124.599.998,124.839.996,124.870.003,124.209.999
2018-03-15,124.900.002,125.120.003,125.209.999,124.720.001
2018-03-14,125.699.997,125.489.998,125.760.002,125.339.996
2018-03-13,125.779.999,125.669.998,125.989.998,125.050.003
2018-03-12,125.540.001,125.040.001,125.57,124.839.996
2018-03-09,125.540.001,124.940.002,125.690.002,124.779.999
2018-03-08,125.419.998,125.690.002,125.699.997,125.129.997
2018-03-07,125.720.001,126.220.001,126.290.001,125.419.998
2018-03-06,126.529.999,126.199.997,126.959.999,126.129.997
2018-03-05,125.18,125.349.998,125.480.003,124.959.999
2018-03-02,125.389.999,125.669.998,125.690.002,124.970.001
2018-03-01,124.720.001,124.150.002,125.309.998,123.580.002
2018-02-28,125.0,125.089.996,125.459.999,124.809.998
2018-02-27,125.129.997,126.059.998,126.150.002,124.589.996
2018-02-26,126.449.997,126.449.997,126.620.003,126.18
2018-02-23,126.139.999,126.059.998,126.300.003,125.849.998
2018-02-22,126.300.003,125.919.998,126.370.003,125.879.997
2018-02-21,125.660.004,126.360.001,126.760.002,125.440.002
2018-02-20,126.239.998,127.279.999,127.400.002,126.040.001
2018-02-16,127.959.999,128.300.003,128.699.997,127.57
2018-02-15,128.380.005,128.429.993,128.570.007,127.940.002
2018-02-14,128.229.996,126.470.001,128.589.996,126.290.001
2018-02-13,126.080.002,125.669.998,126.18,125.519.997
2018-02-12,125.370.003,125.190.002,125.82,125.110.001
2018-02-09,124.769.997,124.650.002,125.139.999,124.389.999
2018-02-08,124.980.003,124.919.998,125.440.002,124.510.002
2018-02-07,124.790.001,125.480.003,125.769.997,124.410.004
2018-02-06,125.379.997,126.540.001,126.550.003,125.220.001
2018-02-05,126.709.999,126.82,127.309.998,126.440.002
2018-02-02,126.389.999,126.809.998,126.849.998,125.959.999
2018-02-01,128.070.007,127.18,128.149.994,127.080.002
2018-01-31,127.650.002,127.449.997,127.849.998,126.400.002
2018-01-30,126.800.003,127.910.004,127.919.998,126.739.998
2018-01-29,127.349.998,127.580.002,127.629.997,126.919.998
2018-01-25,127.970.001,128.690.002,129.509.995,127.360.001
2018-01-24,128.830.002,128.389.999,129.259.995,128.229.996
2018-01-23,127.279.999,126.529.999,127.349.998,126.339.996
2018-01-22,126.650.002,126.510.002,126.75,126.279.999
2018-01-19,126.419.998,126.57,126.730.003,126.410.004
2018-01-18,125.860.001,126.129.997,126.519.997,125.800.003
2018-01-17,126.139.999,126.769.997,127.220.001,125.900.002
2018-01-16,127.169.998,126.599.998,127.18,126.400.002
2018-01-12,126.959.999,126.010.002,127.129.997,125.809.998
2018-01-11,125.440.002,125.370.003,125.660.004,125.25
2018-01-10,125.029.999,125.169.998,125.309.998,124.720.001
2018-01-09,124.730.003,124.489.998,124.860.001,124.230.003
2018-01-08,125.309.998,125.199.997,125.32,124.900.002
2018-01-05,125.330.002,124.93,125.480.003,124.830.002
2018-01-04,125.459.999,124.889.999,125.849.998,124.739.998
2018-01-03,124.82,125.050.003,125.089.996,124.099.998
2018-01-02,125.150.002,124.660.004,125.18,124.389.999
2017-12-29,123.650.002,123.699.997,124.089.996,123.459.999
2017-12-28,122.849.998,122.82,122.919.998,122.559.998
2017-12-27,122.230.003,122.0,122.339.996,121.879.997
2017-12-26,121.769.997,121.550.003,121.870.003,121.510.002
2017-12-22,120.940.002,120.669.998,121.139.999,120.57
2017-12-21,120.309.998,120.07,120.449.997,120.0
2017-12-20,120.139.999,119.980.003,120.360.001,119.809.998
2017-12-19,119.82,119.669.998,119.900.002,119.529.999
2017-12-18,119.730.003,119.629.997,119.989.998,119.599.998
2017-12-15,119.18,119.410.004,119.5,118.970.001
2017-12-14,118.93,119.099.998,119.290.001,118.709.999
2017-12-13,119.169.998,118.190.002,119.349.998,118.010.002
2017-12-12,118.150.002,117.650.002,118.169.998,117.400.002
2017-12-11,118.010.002,118.370.003,118.540.001,117.800.003
2017-12-08,118.480.003,118.489.998,118.919.998,118.330.002
2017-12-07,118.489.998,119.010.002,119.239.998,118.099.998
2017-12-06,120.07,120.040.001,120.440.002,119.870.003
2017-12-05,120.32,120.099.998,120.510.002,119.720.001
2017-12-04,121.18,121.150.002,121.199.997,120.839.996
2017-12-01,121.589.996,120.940.002,122.43,120.739.998
2017-11-30,121.099.998,121.440.002,121.699.997,120.639.999
2017-11-29,122.040.001,122.239.998,122.330.002,121.739.998
2017-11-28,122.809.998,123.050.003,123.169.998,122.529.999
2017-11-27,122.830.002,123.260.002,123.330.002,122.669.998
2017-11-24,122.32,122.360.001,122.610.001,122.220.001
2017-11-22,122.629.997,122.260.002,122.949.997,122.169.998
2017-11-21,121.510.002,121.669.998,122.0,121.5
2017-11-20,121.309.998,122.300.003,122.410.004,121.040.001
2017-11-17,122.860.001,122.150.002,123.169.998,121.949.997
2017-11-16,121.400.002,121.449.997,121.709.999,121.290.001
2017-11-15,121.410.004,122.129.997,122.360.001,121.25
2017-11-14,121.559.998,120.900.002,121.910.004,120.769.997
2017-11-13,121.309.998,121.43,121.550.003,121.269.997
2017-11-10,121.129.997,121.989.998,122.110.001,120.940.002
2017-11-09,122.129.997,121.849.998,122.410.004,121.730.003
2017-11-08,121.629.997,121.949.997,122.25,121.589.996
2017-11-07,121.209.999,121.510.002,121.559.998,120.779.999
2017-11-06,121.650.002,120.720.001,121.849.998,120.68
2017-11-03,120.620.003,121.360.001,121.43,120.18
2017-11-02,121.190.002,121.290.001,121.959.999,121.050.003
2017-11-01,121.110.001,120.980.003,121.550.003,120.839.996
2017-10-31,120.669.998,120.82,120.839.996,120.379.997
2017-10-30,121.129.997,120.379.997,121.470.001,120.379.997
2017-10-27,120.900.002,120.379.997,120.989.998,120.209.999
2017-10-26,120.330.002,121.160.004,121.160.004,120.220.001
2017-10-25,121.349.998,121.309.998,121.589.996,120.839.996
2017-10-24,121.330.002,121.260.002,121.709.999,120.980.003
2017-10-23,121.800.003,120.980.003,121.900.002,120.959.999
2017-10-20,121.610.001,121.68,121.980.003,121.389.999
2017-10-19,122.389.999,122.199.997,122.550.003,122.110.001
2017-10-18,121.669.998,121.709.999,121.940.002,121.550.003
2017-10-17,122.129.997,122.029.999,122.32,121.730.003
2017-10-16,122.970.001,123.82,123.970.001,122.57
2017-10-13,123.82,123.660.004,123.860.001,123.339.996
2017-10-12,122.889.999,122.839.996,123.040.001,122.5
2017-10-11,122.790.001,122.57,122.879.997,122.029.999
2017-10-10,122.400.002,122.620.003,122.970.001,122.360.001
2017-10-09,122.080.002,121.639.999,122.110.001,121.550.003
2017-10-06,121.089.996,120.260.002,121.209.999,119.779.999
2017-10-05,120.519.997,121.150.002,121.239.998,120.400.002
2017-10-04,121.169.998,121.209.999,121.269.997,120.709.999
2017-10-03,120.830.002,120.720.001,121.099.998,120.699.997
2017-09-29,121.580.002,122.290.001,122.300.003,121.550.003
2017-09-28,122.209.999,122.040.001,122.480.003,121.830.002
2017-09-27,121.980.003,122.040.001,122.510.002,121.879.997
2017-09-26,123.139.999,123.57,123.809.998,122.900.002
2017-09-25,124.529.999,122.779.999,124.660.004,122.709.999
2017-09-22,123.239.998,123.029.999,123.389.999,122.93
2017-09-21,122.68,122.559.998,123.07,122.489.998
2017-09-20,123.620.003,124.68,125.059.998,123.150.002
2017-09-19,124.620.003,124.489.998,124.650.002,124.029.999
2017-09-18,124.360.001,124.709.999,124.760.002,123.970.001
2017-09-15,125.529.999,125.989.998,125.989.998,125.410.004
2017-09-14,126.160.004,125.660.004,126.440.002,125.620.003
2017-09-13,125.610.001,126.400.002,126.449.997,125.5
2017-09-12,126.559.998,126.029.999,126.589.996,125.940.002
2017-09-11,126.190.002,126.739.998,126.940.002,126.050.003
2017-09-08,127.970.001,12.821.000.700.000.000,128.300.003,127.589.996
2017-09-07,128.130.005,127.559.998,128.320.007,127.389.999
2017-09-06,126.809.998,127.339.996,127.440.002,126.550.003
2017-09-05,127.459.999,126.650.002,127.779.999,126.57
2017-09-01,126.059.998,126.010.002,126.169.998,125.120.003
2017-08-31,125.82,124.580.002,125.839.996,124.550.003
2017-08-30,124.360.001,124.330.002,124.620.003,124.160.004
2017-08-29,124.419.998,125.809.998,125.870.003,124.050.003
2017-08-28,124.690.002,123.330.002,124.730.003,123.330.002
2017-08-25,122.739.998,122.769.997,123.019.997,121.290.001
2017-08-24,122.290.001,122.389.999,122.639.999,122.129.997
2017-08-23,122.669.998,122.580.002,122.690.002,122.309.998
2017-08-22,122.209.999,122.559.998,122.559.998,121.849.998
2017-08-21,122.760.002,122.540.001,122.980.003,122.5
2017-08-18,122.300.003,123.370.003,123.540.001,122.0
2017-08-17,122.489.998,122.290.001,122.610.001,121.760.002
2017-08-16,121.870.003,120.660.004,122.059.998,120.660.004
2017-08-14,121.919.998,121.980.003,122.239.998,121.68
2017-08-11,122.790.001,122.239.998,122.830.002,122.029.999
2017-08-10,122.209.999,122.080.002,122.440.002,122.029.999
2017-08-09,121.309.998,121.019.997,121.550.003,120.760.002
2017-08-08,119.860.001,120.019.997,120.120.003,118.970.001
2017-08-07,119.510.002,119.43,119.790.001,119.43
2017-08-04,119.650.002,119.970.001,120.040.001,119.220.001
2017-08-03,120.589.996,120.309.998,120.830.002,120.309.998
2017-08-02,120.400.002,120.510.002,121.019.997,120.339.996
2017-08-01,120.650.002,120.440.002,121.139.999,120.440.002
2017-07-31,120.75,120.5,120.809.998,120.449.997
2017-07-28,120.690.002,120.150.002,120.860.001,120.139.999
2017-07-27,119.790.001,120.099.998,120.139.999,119.279.999
2017-07-26,119.879.997,118.57,120.150.002,118.550.003
2017-07-25,118.919.998,118.989.998,119.32,118.790.001
2017-07-24,119.309.998,119.519.997,119.580.002,119.18
2017-07-21,119.260.002,119.0,119.389.999,118.75
2017-07-20,118.239.998,117.919.998,118.620.003,117.660.004
2017-07-19,118.080.002,118.18,118.269.997,117.839.996
2017-07-18,118.110.001,117.989.998,118.330.002,117.879.997
2017-07-17,117.290.001,117.419.998,117.529.999,117.230.003
2017-07-14,116.769.997,117.040.001,117.25,116.639.999
2017-07-13,115.82,116.040.001,116.040.001,115.669.998
2017-07-12,116.029.999,116.209.999,116.330.002,115.870.003
2017-07-11,115.620.003,115.260.002,115.769.997,114.879.997
2017-07-10,115.470.001,115.019.997,115.57,114.830.002
2017-07-07,115.279.999,115.779.999,115.790.001,114.800.003
2017-07-06,116.470.001,116.580.002,116.610.001,116.239.998
2017-07-05,116.519.997,115.910.004,116.669.998,115.870.003
2017-07-03,116.089.996,116.540.001,116.849.998,115.940.002
2017-06-30,118.019.997,118.080.002,118.410.004,117.949.997
2017-06-29,118.32,117.970.001,118.639.999,117.910.004
2017-06-28,118.900.002,119.059.998,119.059.998,118.690.002
2017-06-27,118.809.998,118.870.003,119.050.003,118.480.003
2017-06-26,118.360.001,118.290.001,118.540.001,118.169.998
2017-06-23,119.43,119.650.002,119.660.004,119.309.998
2017-06-22,118.919.998,119.129.997,119.199.997,118.599.998
2017-06-21,118.519.997,118.150.002,118.660.004,118.150.002
2017-06-20,118.18,118.419.998,118.459.999,118.07
2017-06-19,118.43,118.739.998,118.839.996,118.330.002
2017-06-16,119.339.996,119.349.998,119.5,119.239.998
2017-06-15,119.32,119.220.001,119.5,119.129.997
2017-06-14,119.82,121.510.002,121.879.997,119.57
2017-06-13,120.480.003,119.949.997,120.709.999,119.919.998
2017-06-12,120.360.001,120.330.002,120.690.002,120.269.997
2017-06-09,120.540.001,120.459.999,120.910.004,120.400.002
2017-06-08,121.650.002,122.07,122.080.002,120.949.997
2017-06-07,122.449.997,122.790.001,123.160.004,122.019.997
2017-06-06,123.099.998,123.089.996,123.309.998,122.769.997
2017-06-05,121.730.003,121.910.004,121.940.002,121.580.002
2017-06-02,121.610.001,121.309.998,121.709.999,121.190.002
2017-06-01,120.720.001,120.169.998,120.739.998,120.059.998
2017-05-31,120.620.003,120.309.998,121.230.003,120.260.002
2017-05-30,120.139.999,120.239.998,120.330.002,119.949.997
2017-05-26,120.540.001,120.489.998,120.790.001,120.330.002
2017-05-25,119.480.003,119.519.997,119.699.997,119.290.001
2017-05-24,119.610.001,119.07,119.739.998,118.919.998
2017-05-23,119.139.999,120.129.997,120.190.002,118.980.003
2017-05-22,119.900.002,119.629.997,120.139.999,119.580.002
2017-05-19,119.400.002,119.389.999,119.550.003,118.879.997
2017-05-18,118.809.998,119.769.997,119.839.996,118.559.998
2017-05-17,119.790.001,119.360.001,120.019.997,119.269.997
2017-05-16,117.650.002,117.449.997,117.910.004,117.400.002
2017-05-15,117.139.999,117.519.997,117.540.001,116.989.998
2017-05-12,116.830.002,117.07,117.160.004,116.730.003
2017-05-11,116.5,116.209.999,116.849.998,116.190.002
2017-05-10,116.040.001,116.419.998,116.5,115.860.001
2017-05-09,116.050.003,116.18,116.239.998,115.559.998
2017-05-08,116.75,117.029.999,117.139.999,116.68
2017-05-05,117.010.002,116.860.001,117.07,116.68
2017-05-04,116.790.001,116.809.998,117.279.999,116.629.997
2017-05-03,117.980.003,119.18,119.339.996,117.919.998
2017-05-02,119.650.002,119.300.003,119.650.002,119.239.998
2017-05-01,119.669.998,120.209.999,120.75,119.349.998
2017-04-28,120.769.997,120.339.996,120.769.997,120.269.997
2017-04-27,120.389.999,120.419.998,120.599.998,119.970.001
2017-04-26,120.839.996,120.209.999,120.959.999,119.870.003
2017-04-25,120.25,120.529.999,120.870.003,120.050.003
2017-04-24,121.480.003,120.769.997,121.510.002,120.660.004
2017-04-21,122.309.998,122.139.999,122.610.001,121.730.003
2017-04-20,121.959.999,121.82,122.169.998,121.5
2017-04-19,121.730.003,122.25,122.260.002,121.279.999
2017-04-18,122.82,122.43,123.029.999,121.730.003
2017-04-17,122.239.998,122.550.003,123.07,121.989.998
2017-04-13,122.599.998,122.540.001,122.650.002,122.029.999
2017-04-12,122.019.997,121.379.997,122.220.001,121.139.999
2017-04-11,121.190.002,120.330.002,121.400.002,120.290.001
2017-04-10,119.459.999,119.040.001,119.690.002,118.849.998
2017-04-07,119.459.999,120.300.003,120.669.998,119.139.999
2017-04-06,119.18,119.220.001,119.419.998,118.980.003
2017-04-05,119.620.003,118.620.003,119.629.997,118.400.002
2017-04-04,119.620.003,119.589.996,119.769.997,119.379.997
2017-04-03,119.349.998,118.690.002,119.370.003,118.669.998
2017-03-31,118.720.001,118.610.001,119.080.002,118.459.999
2017-03-30,118.470.001,118.769.997,119.120.003,118.32
2017-03-29,119.330.002,119.220.001,119.449.997,119.050.003
2017-03-28,119.040.001,119.739.998,119.830.002,118.779.999
2017-03-27,119.529.999,119.93,120.080.002,119.269.997
2017-03-24,118.860.001,118.5,119.209.999,118.389.999
2017-03-23,118.669.998,119.150.002,119.25,118.32
2017-03-22,118.830.002,118.870.003,119.150.002,118.68
2017-03-21,118.540.001,117.769.997,118.800.003,117.760.002
2017-03-20,117.510.002,117.309.998,117.599.998,117.209.999
2017-03-17,116.989.998,117.040.001,117.269.997,116.910.004
2017-03-16,116.730.003,117.269.997,117.290.001,116.690.002
2017-03-15,116.25,114.290.001,116.25,114.019.997
2017-03-14,114.120.003,114.540.001,115.010.002,114.029.999
2017-03-13,114.739.998,114.629.997,114.910.004,114.510.002
2017-03-10,114.720.001,114.449.997,114.730.003,114.129.997
2017-03-09,114.470.001,114.779.999,115.029.999,114.410.004
2017-03-08,115.059.998,114.989.998,115.360.001,114.949.997
2017-03-07,115.779.999,116.129.997,116.25,115.620.003
2017-03-06,116.720.001,117.349.998,117.349.998,116.629.997
2017-03-03,117.510.002,116.949.997,117.730.003,116.440.002
2017-03-02,117.580.002,117.760.002,118.339.996,117.230.003
2017-03-01,119.059.998,117.980.003,119.120.003,117.949.997
2017-02-28,119.230.003,119.709.999,119.839.996,118.82
2017-02-27,119.120.003,119.730.003,120.400.002,119.120.003
2017-02-24,119.699.997,119.739.998,119.879.997,119.25
2017-02-23,118.940.002,118.760.002,119.160.004,118.68
2017-02-22,117.910.004,117.860.001,118.019.997,117.239.998
2017-02-21,117.75,117.040.001,118.0,116.769.997
2017-02-17,117.68,118.190.002,118.400.002,117.620.003
2017-02-16,118.080.002,117.93,118.349.998,117.830.002
2017-02-15,117.449.997,116.330.002,117.480.003,116.25
2017-02-14,116.93,117.510.002,117.559.998,116.379.997
2017-02-13,116.800.003,116.730.003,116.949.997,116.150.002
2017-02-10,117.599.998,116.68,117.860.001,116.669.998
2017-02-09,117.290.001,118.190.002,118.580.002,117.199.997
2017-02-08,118.190.002,118.089.996,118.589.996,117.809.998
2017-02-07,117.459.999,117.309.998,117.739.998,117.199.997
2017-02-06,117.699.997,117.07,117.739.998,116.739.998
2017-02-03,116.129.997,115.730.003,116.370.003,115.709.999
2017-02-02,115.839.996,116.260.002,116.57,115.629.997
2017-02-01,115.199.997,114.660.004,115.449.997,114.139.999
2017-01-31,115.550.003,115.269.997,115.82,115.18
2017-01-30,113.970.001,113.610.001,114.300.003,113.540.001
2017-01-27,113.489.998,112.93,113.550.003,112.809.998
2017-01-25,114.32,114.139.999,114.440.002,113.68
2017-01-24,115.269.997,115.690.002,116.019.997,114.940.002
2017-01-23,115.790.001,115.510.002,116.169.998,115.199.997
2017-01-20,115.050.003,114.650.002,115.760.002,114.32
2017-01-19,114.769.997,114.32,114.959.999,113.940.002
2017-01-18,114.870.003,115.739.998,115.919.998,114.559.998
2017-01-17,115.849.998,115.889.999,115.959.999,115.5
2017-01-13,114.209.999,113.650.002,114.309.998,113.190.002
2017-01-12,113.910.004,114.519.997,114.93,113.809.998
2017-01-11,113.5,112.870.003,114.190.002,112.169.998
2017-01-10,113.150.002,112.940.002,113.449.997,112.639.999
2017-01-09,112.669.998,112.389.999,113.040.001,112.18
2017-01-06,111.75,111.809.998,112.379.997,111.57
2017-01-05,112.580.002,112.160.004,112.940.002,112.07
2017-01-04,110.860.001,111.059.998,111.220.001,110.610.001
2017-01-03,110.470.001,109.620.003,111.0,109.370.003